[{"model": "network.user", "pk": 1, "fields": {"password": "pbkdf2_sha256$216000$VqHILjLFu2po$nPueAc+E3y5MkYIJCvhqeqQa+H+2QxGXwWZZWQIb4EA=", "last_login": "2020-09-29T13:21:49.746Z", "is_superuser": false, "username": "foo", "first_name": "Foo", "last_name": "Bar", "email": "foo@bar.com", "is_staff": false, "is_active": true, "date_joined": "2020-08-18T06:42:18.436Z", "groups": [], "user_permissions": []}}, {"model": "network.user", "pk": 2, "fields": {"password": "pbkdf2_sha256$216000$ig9dv9dPmqKD$LOOGYx96CCJTMU3Sfdn83HRIVcSGHStvfXUeKaR7MEU=", "last_login": "2020-08-26T09:59:26.622Z", "is_superuser": false, "username": "anas", "first_name": "Anas", "last_name": "Mahmud", "email": "asan@madina.com", "is_staff": false, "is_active": true, "date_joined": "2020-08-19T09:21:21.215Z", "groups": [], "user_permissions": []}}, {"model": "network.user", "pk": 3, "fields": {"password": "pbkdf2_sha256$216000$5S1xM2Zu0R8R$WBOV0L2JnChrpQzrqfSGW5sqKAQf+n50GdVGKgjT0QE=", "last_login": "2020-08-25T10:30:19.128Z", "is_superuser": false, "username": "brian", "first_name": "Brian", "last_name": "Yu", "email": "brian@gmail.com", "is_staff": false, "is_active": true, "date_joined": "2020-08-19T16:07:00.634Z", "groups": [], "user_permissions": []}}, {"model": "network.user", "pk": 5, "fields": {"password": "pbkdf2_sha256$216000$V0PTWHmwxHH3$0mo4ivvyEmT2/qexRqgujXA2RZZS/lMk6USjs9SeqdE=", "last_login": "2020-08-22T13:48:14.767Z", "is_superuser": false, "username": "shifat", "first_name": "Shifat", "last_name": "Mojumder", "email": "shi@fat.com", "is_staff": false, "is_active": true, "date_joined": "2020-08-22T13:48:14.003Z", "groups": [], "user_permissions": []}}, {"model": "network.user", "pk": 6, "fields": {"password": "pbkdf2_sha256$216000$fyY5pIUavrBB$PGomGHrcW46dzo0bHjL3JAsoXTle4/bqPvoB55fN/J0=", "last_login": "2020-08-22T13:51:51.385Z", "is_superuser": false, "username": "ahsaf", "first_name": "Ahsaf", "last_name": "Ali", "email": "ahsaf@ali.com", "is_staff": false, "is_active": true, "date_joined": "2020-08-22T13:51:50.814Z", "groups": [], "user_permissions": []}}, {"model": "network.user", "pk": 7, "fields": {"password": "pbkdf2_sha256$216000$ia3hzV1Q0hXc$mpgXBE5tur8mUcno5JHS61Tq+p6EZYiJXYzt+Q2AWyk=", "last_login": "2020-08-28T11:55:51.582Z", "is_superuser": false, "username": "mkr", "first_name": "Minhajul", "last_name": "Karim", "email": "minhajul.kaarim@gmail.com", "is_staff": false, "is_active": true, "date_joined": "2020-08-26T11:45:49.860Z", "groups": [], "user_permissions": []}}, {"model": "network.user", "pk": 8, "fields": {"password": "pbkdf2_sha256$216000$d8LUG3XhE4eJ$wgCpdmW/nkgWYE/5Pr5SZroQLqn77mHbVoAdAKB1owg=", "last_login": "2020-08-28T11:56:01.638Z", "is_superuser": false, "username": "karim", "first_name": "Karim", "last_name": "Minhajul", "email": "karim.min@gmail.com", "is_staff": false, "is_active": true, "date_joined": "2020-08-26T12:05:25.955Z", "groups": [], "user_permissions": []}}, {"model": "network.user", "pk": 9, "fields": {"password": "abc123", "last_login": null, "is_superuser": false, "username": "xyz", "first_name": "", "last_name": "", "email": "something@someotherthing.com", "is_staff": false, "is_active": true, "date_joined": "2020-09-02T06:50:51.519Z", "groups": [], "user_permissions": []}}, {"model": "network.post", "pk": 1, "fields": {"user": 1, "time_posted": "2020-08-18T14:21:22.853Z", "content": "new, hello, world"}}, {"model": "network.post", "pk": 2, "fields": {"user": 1, "time_posted": "2020-08-19T04:09:42.761Z", "content": "What is going on?"}}, {"model": "network.post", "pk": 3, "fields": {"user": 1, "time_posted": "2020-08-19T04:10:30.497Z", "content": "I am building a clone of a basic social networking site. Pray for me! :)"}}, {"model": "network.post", "pk": 4, "fields": {"user": 1, "time_posted": "2020-08-19T04:18:53.362Z", "content": "Has it saved?"}}, {"model": "network.post", "pk": 5, "fields": {"user": 1, "time_posted": "2020-08-19T04:52:42.898Z", "content": "Ami ajkal valo achi."}}, {"model": "network.post", "pk": 6, "fields": {"user": 1, "time_posted": "2020-08-19T05:00:10.087Z", "content": "Akash keno meghla, robo naki ekela!"}}, {"model": "network.post", "pk": 7, "fields": {"user": 1, "time_posted": "2020-08-19T05:11:14.941Z", "content": "Ba ba black sheep, have you any wool?"}}, {"model": "network.post", "pk": 8, "fields": {"user": 1, "time_posted": "2020-08-19T05:12:56.795Z", "content": "Ata gache tota pakhi, dalim gache mou ar nayeem."}}, {"model": "network.post", "pk": 9, "fields": {"user": 1, "time_posted": "2020-08-19T05:15:09.729Z", "content": "Ek paaye nupur tomar, onno paa khali. juta kin!"}}, {"model": "network.post", "pk": 10, "fields": {"user": 2, "time_posted": "2020-08-19T09:23:32.461Z", "content": "Hello! I'm new here. Let's be friends! Not girl friends! :D"}}, {"model": "network.post", "pk": 11, "fields": {"user": 2, "time_posted": "2020-08-19T09:38:49.673Z", "content": "Nobody likes me! :("}}, {"model": "network.post", "pk": 12, "fields": {"user": 2, "time_posted": "2020-08-19T09:41:12.754Z", "content": "I am a boring person!"}}, {"model": "network.post", "pk": 13, "fields": {"user": 2, "time_posted": "2020-08-19T09:41:45.350Z", "content": "Anas, kita banas?"}}, {"model": "network.post", "pk": 14, "fields": {"user": 3, "time_posted": "2020-08-19T16:07:17.383Z", "content": "I'm brian from cs50"}}, {"model": "network.post", "pk": 15, "fields": {"user": 1, "time_posted": "2020-08-26T04:56:59.904Z", "content": "ar vala lage no re. ar vala lage na. lage na re...."}}, {"model": "network.post", "pk": 16, "fields": {"user": 1, "time_posted": "2020-08-26T10:22:24.559Z", "content": "good news! The network is almost done."}}, {"model": "network.post", "pk": 17, "fields": {"user": 7, "time_posted": "2020-08-26T11:49:12.717Z", "content": "Hey! I have finished network!"}}, {"model": "network.post", "pk": 18, "fields": {"user": 8, "time_posted": "2020-08-26T12:06:58.464Z", "content": "hello, aliens! how are you guys"}}, {"model": "network.post", "pk": 19, "fields": {"user": 8, "time_posted": "2020-08-28T13:49:02.113Z", "content": "This is edited post!"}}, {"model": "network.follower", "pk": 17, "fields": {"user": 2, "followed": 1}}, {"model": "network.follower", "pk": 24, "fields": {"user": 6, "followed": 2}}, {"model": "network.follower", "pk": 33, "fields": {"user": 8, "followed": 3}}, {"model": "network.follower", "pk": 34, "fields": {"user": 8, "followed": 1}}, {"model": "network.follower", "pk": 35, "fields": {"user": 1, "followed": 3}}, {"model": "network.like", "pk": 2, "fields": {"user": 2, "post": 14}}, {"model": "network.like", "pk": 82, "fields": {"user": 1, "post": 10}}, {"model": "network.like", "pk": 88, "fields": {"user": 1, "post": 12}}, {"model": "network.like", "pk": 89, "fields": {"user": 1, "post": 13}}, {"model": "network.like", "pk": 90, "fields": {"user": 1, "post": 14}}, {"model": "network.like", "pk": 91, "fields": {"user": 1, "post": 5}}, {"model": "network.like", "pk": 95, "fields": {"user": 1, "post": 9}}, {"model": "network.like", "pk": 99, "fields": {"user": 2, "post": 10}}, {"model": "network.like", "pk": 100, "fields": {"user": 2, "post": 15}}, {"model": "network.like", "pk": 101, "fields": {"user": 1, "post": 15}}, {"model": "network.like", "pk": 110, "fields": {"user": 8, "post": 11}}, {"model": "network.like", "pk": 114, "fields": {"user": 1, "post": 16}}, {"model": "auth.permission", "pk": 1, "fields": {"name": "Can add user", "content_type": 1, "codename": "add_user"}}, {"model": "auth.permission", "pk": 2, "fields": {"name": "Can change user", "content_type": 1, "codename": "change_user"}}, {"model": "auth.permission", "pk": 3, "fields": {"name": "Can delete user", "content_type": 1, "codename": "delete_user"}}, {"model": "auth.permission", "pk": 4, "fields": {"name": "Can view user", "content_type": 1, "codename": "view_user"}}, {"model": "auth.permission", "pk": 5, "fields": {"name": "Can add log entry", "content_type": 2, "codename": "add_logentry"}}, {"model": "auth.permission", "pk": 6, "fields": {"name": "Can change log entry", "content_type": 2, "codename": "change_logentry"}}, {"model": "auth.permission", "pk": 7, "fields": {"name": "Can delete log entry", "content_type": 2, "codename": "delete_logentry"}}, {"model": "auth.permission", "pk": 8, "fields": {"name": "Can view log entry", "content_type": 2, "codename": "view_logentry"}}, {"model": "auth.permission", "pk": 9, "fields": {"name": "Can add permission", "content_type": 3, "codename": "add_permission"}}, {"model": "auth.permission", "pk": 10, "fields": {"name": "Can change permission", "content_type": 3, "codename": "change_permission"}}, {"model": "auth.permission", "pk": 11, "fields": {"name": "Can delete permission", "content_type": 3, "codename": "delete_permission"}}, {"model": "auth.permission", "pk": 12, "fields": {"name": "Can view permission", "content_type": 3, "codename": "view_permission"}}, {"model": "auth.permission", "pk": 13, "fields": {"name": "Can add group", "content_type": 4, "codename": "add_group"}}, {"model": "auth.permission", "pk": 14, "fields": {"name": "Can change group", "content_type": 4, "codename": "change_group"}}, {"model": "auth.permission", "pk": 15, "fields": {"name": "Can delete group", "content_type": 4, "codename": "delete_group"}}, {"model": "auth.permission", "pk": 16, "fields": {"name": "Can view group", "content_type": 4, "codename": "view_group"}}, {"model": "auth.permission", "pk": 17, "fields": {"name": "Can add content type", "content_type": 5, "codename": "add_contenttype"}}, {"model": "auth.permission", "pk": 18, "fields": {"name": "Can change content type", "content_type": 5, "codename": "change_contenttype"}}, {"model": "auth.permission", "pk": 19, "fields": {"name": "Can delete content type", "content_type": 5, "codename": "delete_contenttype"}}, {"model": "auth.permission", "pk": 20, "fields": {"name": "Can view content type", "content_type": 5, "codename": "view_contenttype"}}, {"model": "auth.permission", "pk": 21, "fields": {"name": "Can add session", "content_type": 6, "codename": "add_session"}}, {"model": "auth.permission", "pk": 22, "fields": {"name": "Can change session", "content_type": 6, "codename": "change_session"}}, {"model": "auth.permission", "pk": 23, "fields": {"name": "Can delete session", "content_type": 6, "codename": "delete_session"}}, {"model": "auth.permission", "pk": 24, "fields": {"name": "Can view session", "content_type": 6, "codename": "view_session"}}, {"model": "auth.permission", "pk": 25, "fields": {"name": "Can add post", "content_type": 7, "codename": "add_post"}}, {"model": "auth.permission", "pk": 26, "fields": {"name": "Can change post", "content_type": 7, "codename": "change_post"}}, {"model": "auth.permission", "pk": 27, "fields": {"name": "Can delete post", "content_type": 7, "codename": "delete_post"}}, {"model": "auth.permission", "pk": 28, "fields": {"name": "Can view post", "content_type": 7, "codename": "view_post"}}, {"model": "auth.permission", "pk": 29, "fields": {"name": "Can add posts", "content_type": 7, "codename": "add_posts"}}, {"model": "auth.permission", "pk": 30, "fields": {"name": "Can change posts", "content_type": 7, "codename": "change_posts"}}, {"model": "auth.permission", "pk": 31, "fields": {"name": "Can delete posts", "content_type": 7, "codename": "delete_posts"}}, {"model": "auth.permission", "pk": 32, "fields": {"name": "Can view posts", "content_type": 7, "codename": "view_posts"}}, {"model": "auth.permission", "pk": 33, "fields": {"name": "Can add follow", "content_type": 8, "codename": "add_follow"}}, {"model": "auth.permission", "pk": 34, "fields": {"name": "Can change follow", "content_type": 8, "codename": "change_follow"}}, {"model": "auth.permission", "pk": 35, "fields": {"name": "Can delete follow", "content_type": 8, "codename": "delete_follow"}}, {"model": "auth.permission", "pk": 36, "fields": {"name": "Can view follow", "content_type": 8, "codename": "view_follow"}}, {"model": "auth.permission", "pk": 37, "fields": {"name": "Can add followers", "content_type": 8, "codename": "add_followers"}}, {"model": "auth.permission", "pk": 38, "fields": {"name": "Can change followers", "content_type": 8, "codename": "change_followers"}}, {"model": "auth.permission", "pk": 39, "fields": {"name": "Can delete followers", "content_type": 8, "codename": "delete_followers"}}, {"model": "auth.permission", "pk": 40, "fields": {"name": "Can view followers", "content_type": 8, "codename": "view_followers"}}, {"model": "auth.permission", "pk": 41, "fields": {"name": "Can add reactions", "content_type": 9, "codename": "add_reactions"}}, {"model": "auth.permission", "pk": 42, "fields": {"name": "Can change reactions", "content_type": 9, "codename": "change_reactions"}}, {"model": "auth.permission", "pk": 43, "fields": {"name": "Can delete reactions", "content_type": 9, "codename": "delete_reactions"}}, {"model": "auth.permission", "pk": 44, "fields": {"name": "Can view reactions", "content_type": 9, "codename": "view_reactions"}}, {"model": "auth.permission", "pk": 45, "fields": {"name": "Can add follower", "content_type": 8, "codename": "add_follower"}}, {"model": "auth.permission", "pk": 46, "fields": {"name": "Can change follower", "content_type": 8, "codename": "change_follower"}}, {"model": "auth.permission", "pk": 47, "fields": {"name": "Can delete follower", "content_type": 8, "codename": "delete_follower"}}, {"model": "auth.permission", "pk": 48, "fields": {"name": "Can view follower", "content_type": 8, "codename": "view_follower"}}, {"model": "auth.permission", "pk": 49, "fields": {"name": "Can add like", "content_type": 9, "codename": "add_like"}}, {"model": "auth.permission", "pk": 50, "fields": {"name": "Can change like", "content_type": 9, "codename": "change_like"}}, {"model": "auth.permission", "pk": 51, "fields": {"name": "Can delete like", "content_type": 9, "codename": "delete_like"}}, {"model": "auth.permission", "pk": 52, "fields": {"name": "Can view like", "content_type": 9, "codename": "view_like"}}, {"model": "contenttypes.contenttype", "pk": 1, "fields": {"app_label": "network", "model": "user"}}, {"model": "contenttypes.contenttype", "pk": 2, "fields": {"app_label": "admin", "model": "logentry"}}, {"model": "contenttypes.contenttype", "pk": 3, "fields": {"app_label": "auth", "model": "permission"}}, {"model": "contenttypes.contenttype", "pk": 4, "fields": {"app_label": "auth", "model": "group"}}, {"model": "contenttypes.contenttype", "pk": 5, "fields": {"app_label": "contenttypes", "model": "contenttype"}}, {"model": "contenttypes.contenttype", "pk": 6, "fields": {"app_label": "sessions", "model": "session"}}, {"model": "contenttypes.contenttype", "pk": 7, "fields": {"app_label": "network", "model": "post"}}, {"model": "contenttypes.contenttype", "pk": 8, "fields": {"app_label": "network", "model": "follower"}}, {"model": "contenttypes.contenttype", "pk": 9, "fields": {"app_label": "network", "model": "like"}}, {"model": "sessions.session", "pk": "0971ik4cdkku02fprc387usepvt185dk", "fields": {"session_data": ".eJxVjDsOwjAQBe_iGlnOJv5R0nMGa3dt4wCypTipEHeHSCmgfTPzXiLgtpaw9bSEOYqzGMTpdyPkR6o7iHestya51XWZSe6KPGiX1xbT83K4fwcFe_nW7A2NoO2kPEN2FvPos9FspsFgQqc0RvIIZK3JhlSM1gFBVsxpBAbx_gDg6jg0:1kNFZl:dRKZ_iaDiLs0jC_ljqZm_nXcivKfqpvgtpl5evK8_zE", "expire_date": "2020-10-13T13:21:49.891Z"}}, {"model": "sessions.session", "pk": "5n2m80h97ognno6dg4fnrq18weqm5ru7", "fields": {"session_data": ".eJxVjDsOwjAQBe_iGlnOJv5R0nMGa3dt4wCypTipEHeHSCmgfTPzXiLgtpaw9bSEOYqzGMTpdyPkR6o7iHestya51XWZSe6KPGiX1xbT83K4fwcFe_nW7A2NoO2kPEN2FvPos9FspsFgQqc0RvIIZK3JhlSM1gFBVsxpBAbx_gDg6jg0:1kEtRC:svAVKUZz5aWoPpoxTE5q8Ifz6JzmKwGRloOWCdTVnEg", "expire_date": "2020-09-20T12:06:26.692Z"}}, {"model": "sessions.session", "pk": "6byvir1ug0q89glu5muqyvg70o9fairp", "fields": {"session_data": ".eJxVjDsOwjAQBe_iGlnOJv5R0nMGa3dt4wCypTipEHeHSCmgfTPzXiLgtpaw9bSEOYqzGMTpdyPkR6o7iHestya51XWZSe6KPGiX1xbT83K4fwcFe_nW7A2NoO2kPEN2FvPos9FspsFgQqc0RvIIZK3JhlSM1gFBVsxpBAbx_gDg6jg0:1kEuux:8WcJf3dzv7733cgrELZQfE9AtLC_W805bdl7DIsKk9I", "expire_date": "2020-09-20T13:41:15.264Z"}}, {"model": "sessions.session", "pk": "9j4pnzrlgh30ftff6bczy8hq347qcrkf", "fields": {"session_data": ".eJxVjDsOwjAQBe_iGlnOJv5R0nMGa3dt4wCypTipEHeHSCmgfTPzXiLgtpaw9bSEOYqzGMTpdyPkR6o7iHestya51XWZSe6KPGiX1xbT83K4fwcFe_nW7A2NoO2kPEN2FvPos9FspsFgQqc0RvIIZK3JhlSM1gFBVsxpBAbx_gDg6jg0:1kEulE:BX6BFCLUyAn3Mcf9TLUb8UaIzynQiPJLy6OtxEFK1Ps", "expire_date": "2020-09-20T13:31:12.752Z"}}, {"model": "sessions.session", "pk": "g82aym0mbejkmuecg3d4v7qb6rdsijcy", "fields": {"session_data": ".eJxVjDsOwjAQBe_iGlnOJv5R0nMGa3dt4wCypTipEHeHSCmgfTPzXiLgtpaw9bSEOYqzGMTpdyPkR6o7iHestya51XWZSe6KPGiX1xbT83K4fwcFe_nW7A2NoO2kPEN2FvPos9FspsFgQqc0RvIIZK3JhlSM1gFBVsxpBAbx_gDg6jg0:1kDlvc:qr3c5hQqJPJ-3uXMoWQtyR9x4897Yrx4T4NZS9gFwXM", "expire_date": "2020-09-17T09:53:12.921Z"}}, {"model": "sessions.session", "pk": "kxpspcn70fw9jocjnhelfkj8qhpp9zar", "fields": {"session_data": ".eJxVjDsOwjAQBe_iGlnOJv5R0nMGa3dt4wCypTipEHeHSCmgfTPzXiLgtpaw9bSEOYqzGMTpdyPkR6o7iHestya51XWZSe6KPGiX1xbT83K4fwcFe_nW7A2NoO2kPEN2FvPos9FspsFgQqc0RvIIZK3JhlSM1gFBVsxpBAbx_gDg6jg0:1kDppO:fRwHPjmBRCCviAiXYq383HBt0YOKa7aPgz9YVoXsbWE", "expire_date": "2020-09-17T14:03:02.502Z"}}, {"model": "sessions.session", "pk": "mw11j1j30k8rbggcz5ty7y3ztpntl8yi", "fields": {"session_data": ".eJxVjDsOwjAQBe_iGlnOJv5R0nMGa3dt4wCypTipEHeHSCmgfTPzXiLgtpaw9bSEOYqzGMTpdyPkR6o7iHestya51XWZSe6KPGiX1xbT83K4fwcFe_nW7A2NoO2kPEN2FvPos9FspsFgQqc0RvIIZK3JhlSM1gFBVsxpBAbx_gDg6jg0:1kDlmc:8IIk7FhrFcc449WRtFlxtQeR8hMQF_Co1NnFZjdUWk4", "expire_date": "2020-09-17T09:43:54.312Z"}}, {"model": "sessions.session", "pk": "q6p7y23jau91pwap1wm9jxi3uvxt68xr", "fields": {"session_data": ".eJxVjDsOwjAQBe_iGlnOJv5R0nMGa3dt4wCypTipEHeHSCmgfTPzXiLgtpaw9bSEOYqzGMTpdyPkR6o7iHestya51XWZSe6KPGiX1xbT83K4fwcFe_nW7A2NoO2kPEN2FvPos9FspsFgQqc0RvIIZK3JhlSM1gFBVsxpBAbx_gDg6jg0:1kDpVY:FG6Dhg8atpCi60qFSlFLNhYbUqnshc1QILy2NV0l1_U", "expire_date": "2020-09-17T13:42:32.197Z"}}, {"model": "sessions.session", "pk": "qhkoq3bf0voiu2ppw9i7aifxpj62ecg0", "fields": {"session_data": ".eJxVjDsOwjAQBe_iGlnOJv5R0nMGa3dt4wCypTipEHeHSCmgfTPzXiLgtpaw9bSEOYqzGMTpdyPkR6o7iHestya51XWZSe6KPGiX1xbT83K4fwcFe_nW7A2NoO2kPEN2FvPos9FspsFgQqc0RvIIZK3JhlSM1gFBVsxpBAbx_gDg6jg0:1kAbVu:VNoBuuPmWGKx_LYIyB3hjiCDm6KcLtQTTAvEQ4TU32M", "expire_date": "2020-09-08T16:09:34.173Z"}}, {"model": "sessions.session", "pk": "qv7xk85tr7i5bq2v3t5ldgpetzueozzs", "fields": {"session_data": ".eJxVjDsOwjAQBe_iGlnOJv5R0nMGa3dt4wCypTipEHeHSCmgfTPzXiLgtpaw9bSEOYqzGMTpdyPkR6o7iHestya51XWZSe6KPGiX1xbT83K4fwcFe_nW7A2NoO2kPEN2FvPos9FspsFgQqc0RvIIZK3JhlSM1gFBVsxpBAbx_gDg6jg0:1kDMMc:czLb4BJreSpg5CG9cxivhkobQbi8rAtG24SYzWmQAeM", "expire_date": "2020-09-16T06:35:22.564Z"}}, {"model": "sessions.session", "pk": "vhqe09f6q59pw880cdxh1tghx4qncvce", "fields": {"session_data": ".eJxVjDsOwjAQBe_iGlnOJv5R0nMGa3dt4wCypTipEHeHSCmgfTPzXiLgtpaw9bSEOYqzGMTpdyPkR6o7iHestya51XWZSe6KPGiX1xbT83K4fwcFe_nW7A2NoO2kPEN2FvPos9FspsFgQqc0RvIIZK3JhlSM1gFBVsxpBAbx_gDg6jg0:1kDpR4:GcQqonts3Jl-IA2JSCulG-QdY5QSIaxDECzW2lCdqCM", "expire_date": "2020-09-17T13:37:54.706Z"}}]